<?xml version="1.0" encoding="UTF-8"?>
<project-private xmlns="http://www.netbeans.org/ns/project-private/1">
    <editor-bookmarks xmlns="http://www.netbeans.org/ns/editor-bookmarks/2" lastBookmarkId="0"/>
    <open-files xmlns="http://www.netbeans.org/ns/projectui-open-files/2">
        <group>
            <file>file:/C:/Users/Admin/Desktop/Caurie%201st%20Yr%20FIles/JAVA/New%20Folder/oop/src/MainPage2.java</file>
            <file>file:/C:/Users/Admin/Desktop/Caurie%201st%20Yr%20FIles/JAVA/New%20Folder/oop/src/oop/Oop.java</file>
            <file>file:/C:/Users/Admin/Desktop/Caurie%201st%20Yr%20FIles/JAVA/New%20Folder/oop/src/Mainpage.java</file>
            <file>file:/C:/Users/Admin/Desktop/Caurie%201st%20Yr%20FIles/JAVA/New%20Folder/oop/src/Signup.java</file>
            <file>file:/C:/Users/Admin/Desktop/Caurie%201st%20Yr%20FIles/JAVA/New%20Folder/oop/src/login.java</file>
        </group>
    </open-files>
</project-private>
